Ticker,Company
3IN,3i Infrastructure
AAF,Airtel Africa
AAL,Anglo American plc
AAS,Aberdeen Asia Focus
ABDN,Aberdeen Group
ABF,Associated British Foods
ADM,Admiral Group
AEP,AEP Plantations
AEWU,AEW UK REIT
AGT,AVI Global Trust
AIE,Ashoka India Equity Investment Trust
AJB,AJ Bell
ALFA,Alfa Financial Software
ALW,Alliance Witan
AML,Aston Martin Lagonda
ANTO,Antofagasta plc
AO,AO World
APN,Applied Nutrition
APTD,Aptitude Software Group
ASHM,Ashmore Group
ASL,Aberforth Smaller Companies Trust
ATR,Schroder Asian Total Return Investment Company
ATS,Artemis Alpha Trust
ATT,Allianz Technology Trust
ATYM,Atalaya Mining
AUTO,Autotrader Group
AV,Aviva
AVON,Avon Technologies
AZN,AstraZeneca
BA,BAE Systems
BAB,Babcock International
BAG,A.G. Barr
BARC,Barclays
BATS,British American Tobacco
BBOX,Tritax Big Box REIT
BBY,Balfour Beatty
BCG,Baltic Classifieds
BEZ,Beazley
BGEO,Lion Finance Group
BGEU,Baillie Gifford European Growth Trust
BGFD,Baillie Gifford Japan Trust
BGS,Baillie Gifford Shin Nippon
BHMG,BH Macro
BKG,Berkeley Group Holdings
BLND,British Land
BME,B&M
BMY,Bloomsbury Publishing
BNKR,Bankers Investment Trust
BNZL,Bunzl
BOOT,Henry Boot
BOWL,Hollywood Bowl Group
BOY,Bodycote
BP,BP
BPCR,Biopharma Credit
BPT,Bridgepoint Group
BRBY,Burberry Group
BREE,Breedon Group
BRGE,BlackRock Greater Europe Investment Trust
BRSC,BlackRock Smaller Companies Trust
BRWM,BlackRock World Mining Trust
BSIF,Bluefield Solar Income Fund
BT.A,BT Group
BTRW,Barratt Redrow
BUT,Brunner Investment Trust
BWY,Bellway
BYG,Big Yellow Group
BYIT,Bytes Technology Group
CABP,CAB Payments
CAPD,Capital Limited
CARD,Card Factory
CBG,Close Brothers Group
CCC,Computacenter
CCEP,Coca-Cola Europacific Partners
CCH,Coca-Cola HBC
CGT,Capital Gearing Trust
CHG,Chemring Group
CKN,Clarkson
CLDN,Caledonia Investments
CLI,CLS Holdings
CLIG,City of London Investment Group
CMCX,CMC Markets
CNA,Centrica
CNE,Capricorn Energy
COA,Coats Group
CORD,Cordiant Digital Infrastructure
COST,Costain Group
CPG,Compass Group
CPI,Capita
CRDA,Croda International
CREI,Custodian Reit
CSN,Chesnara
CTEC,Convatec
CTPE,CT Private Equity Trust
CTY,City of London Investment Trust
CURY,Currys
CVSG,CVS Group
CWK,Cranswick
CWR,Ceres Power
CYN,CQS Natural Resources
DATA,GlobalData
DCC,DCC Energy
DFS,DFS Furniture
DGE,Diageo
DGI9,Digital 9 Infrastructure
DLN,Derwent London
DNLM,Dunelm Group
DOCS,Dr. Martens
DOM,Domino's Pizza
DPLM,Diploma
DRX,Drax Group
DSCV,discoverIE
EDIN,Edinburgh Investment Trust
EDV,Endeavour Mining
ELM,Elementis
EMG,Man Group
ENOG,Energean
ENQ,EnQuest
ENT,Entain
ESCT,European Smaller Companies Trust
EVOK,Evoke
EWG,Eurowag
EWI,Edinburgh Worldwide Investment Trust
EXPN,Experian
EZJ,EasyJet
FAN,Volution Group
FAS,Fidelity Asian Values
FCH,Funding Circle
FCIT,F & C Investment Trust
FCSS,Fidelity China Special Situations
FEML,Fidelity Emerging Markets
FEV,Fidelity European Trust
FGEN,Foresight Environmental Infrastructure
FGP,FirstGroup
FGT,Finsbury Growth & Income Trust
FORT,Forterra
FOUR,4imprint
FOXT,Foxtons
FRAS,Frasers Group
FRES,Fresnillo plc
FSG,Foresight Group
FSJ,James Fisher & Sons
FSTA,"Fuller, Smith & Turner"
FSV,Fidelity Special Values
GAMA,Gamma Communications
GAW,Games Workshop
GBG,GB Group
GCP,GCP Infrastructure Investments
GDWN,Goodwin
GEN,Genuit Group
GFRD,Galliford Try
GFTU,Grafton Group
GLE,M J Gleeson
GLEN,Glencore
GMS,Gulf Marine Services
GNC,Greencore
GNS,Genus
GPE,Great Portland Estates
GRG,Greggs
GRI,Grainger
GROW,Molten Ventures
GSCT,Global Smaller Companies Trust
GSK,GSK plc
GYM,The Gym Group
HANA,Hansa Investment Company
HAS,Hays
HBR,Harbour Energy
HEAD,Headlam Group
HFD,Halfords
HFEL,Henderson Far East Income
HFG,Hilton Food Group
HGT,Hg Capital Trust
HICL,HICL Infrastructure Company
HIK,Hikma Pharmaceuticals
HILS,Hill & Smith
HLCL,Helical
HLMA,Halma plc
HLN,Haleon
HMSO,Hammerson
HOC,Hochschild Mining
HRI,Herald Investment Trust
HSBA,HSBC
HSL,Henderson Smaller Companies Investment Trust
HSW,Hostelworld Group
HSX,Hiscox
HTG,Hunting
HTWS,Helios Towers
HVPE,HarbourVest Global Private Equity
HWDN,Howdens Joinery
HWG,Harworth Group
IAD,Invesco Asia Dragon Trust
IAG,International Airlines Group
ICG,ICG
ICGT,ICG Enterprise Trust
IGG,IG Group
IHG,IHG Hotels & Resorts
IHP,IntegraFin Holdings
III,3i
IMB,Imperial Brands
IMI,IMI
INCH,Inchcape
INF,Informa
INOV,Schroders Capital Global Innovation Trust
INPP,International Public Partnerships
INVP,Investec
IPF,International Personal Finance
IPO,IP Group
ITH,Ithaca Energy
ITRK,Intertek
ITV,ITV
IWG,International Workplace Group
JAM,JPMorgan American Investment Trust
JCH,JPMorgan Claverhouse Investment Trust
JD,JD Sports
JDW,Wetherspoons
JEDT,JPMorgan European Discovery
JEGI,JPMorgan European Growth & Income
JEMI,JPMorgan Emerging Markets Dividend Income
JFJ,JPMorgan Japanese Investment Trust
JGGI,JPMorgan Global Growth & Income
JMAT,Johnson Matthey
JMGI,JPMorgan Emerging Markets Growth & Income
JSG,Johnson Service Group
JTC,JTC
JUP,Jupiter Fund Management
JZCP,JZ Capital Partners
KGF,Kingfisher plc
KIE,Kier Group
KLR,Keller Group
KMR,Kenmare Resources
KNOS,Kainos
LAND,Land Securities
LGEN,Legal & General
LIO,Liontrust Asset Management
LLOY,Lloyds Banking Group
LMP,LondonMetric Property
LRE,Lancashire Holdings
LSEG,London Stock Exchange Group
LSL,LSL Property Services
LTI,Lindsell Train
LUCE,Luceco
LWDB,Law Debenture
LWI,Lowland Investment Company
MAB,Mitchells & Butlers
MACF,Macfarlane Group
MAJE,Majedie Investments
MARS,Marston's
MEGP,ME Group International
MER,Mears Group
MGAM,Morgan Advanced Materials
MGNS,Morgan Sindall Group
MKS,Marks & Spencer
MMIT,Mobius Investment Trust
MNDI,Mondi
MNG,M&G
MNKS,Monks Investment Trust
MNTN,Schiehallion Fund
MONY,MONY Group
MOON,Moonpig
MOTR,Motorpoint Group
MRC,Mercantile Investment Trust
MRCH,Merchants Trust
MRO,Melrose Industries
MTLN,Metlen Energy & Metals
MTO,Mitie
MTRO,Metro Bank
MUT,Murray Income Trust
MWY,Mid Wynd International Investment Trust
MYI,Murray International Trust
N91,Ninety One
NAS,North Atlantic Smaller Companies Investment Trust
NBPE,NB Private Equity Partners
NCC,NCC Group
NG,National Grid plc
NRR,NewRiver
NWG,NatWest Group
NXR,Norcros
NXT,Next plc
OCDO,Ocado Group
OCI,Oakley Capital Investments
ONT,Oxford Nanopore Technologies
OSB,OSB Group
OTB,On The Beach Group
OXB,Oxford Biomedica
OXIG,Oxford Instruments
PAF,Pan African Resources
PAG,Paragon Banking Group
PAGE,PageGroup
PCA,Palace Capital
PCGH,Polar Capital Global Healthcare Trust
PCT,Polar Capital Technology Trust
PDL,Petra Diamonds
PETS,Pets at Home
PEY,Partners Group Private Equity
PFD,Premier Foods
PHAR,Pharos Energy
PHI,Pacific Horizon Investment Trust
PHP,Primary Health Properties
PIN,Pantheon International
PINT,Pantheon Infrastructure
PLUS,Plus500
PNL,Personal Assets Trust
PNN,Pennon Group
POLN,Pollen Street Group
PPET,Patria Private Equity Trust
PPH,PPHE Hotel Group
PRN,Princes Group
PRU,Prudential plc
PRV,Porvair
PSDL,Phoenix Spree Deutschland
PSH,Pershing Square Holdings
PSN,Persimmon
PSON,Pearson plc
PTEC,Playtech
QLT,Quilter
QQ,Qinetiq
RAT,Rathbones
RCH,Reach
RCP,RIT Capital Partners
REC,Record
REL,RELX
RHIM,RHI Magnesita
RICA,Ruffer Investment Company
RIO,Rio Tinto
RKT,Reckitt
RMV,Rightmove
RNK,Rank Group
ROR,Rotork
ROSE,Rosebank Industries
RPI,Raspberry Pi Holdings
RR,Rolls-Royce Holdings
RS1,RS Group
RSE,Riverstone Energy
RSW,Renishaw
RTO,Rentokil Initial
RTW,RTW Biotech Opportunities
RWA,Robert Walters
SAFE,Safestore
SAGA,Saga
SAIN,Scottish American Investment Company
SBRE,Sabre Insurance
SBRY,Sainsbury's
SCF,Schroder Income Growth Fund
SCT,Softcat
SDLF,Standard Life
SDP,Schroder AsiaPacific Fund
SDR,Schroders
SDY,Speedy Hire
SEC,Strategic Equity Capital
SEIT,SDCL Efficiency Income Trust
SEQI,Sequoia Economic Infrastructure Income Fund
SFR,Severfield
SGE,Sage Group
SGRO,Segro
SHAW,Shawbrook Bank
SHC,Shaftesbury Capital
SHEL,Shell plc
SHI,SIG
SMIN,Smiths Group
SMT,Scottish Mortgage Investment Trust
SMWH,WHSmith
SN,Smith & Nephew
SNR,Senior
SNWS,Smiths News
SOI,Schroder Oriental Income Fund
SPI,Spire Healthcare
SPX,Spirax Group
SRE,Sirius Real Estate
SRP,Serco
SSE,SSE plc
SSIT,Seraphim Space Investment Trust
SSPG,SSP Group
STAN,Standard Chartered
STB,Secure Trust Bank
STJ,St. James's Place
STVG,STV Group
SUPR,Supermarket Income REIT
SUS,S & U
SVS,Savills
SVT,Severn Trent
SYNC,Syncona
SYNT,Synthomer
TATE,Tate & Lyle
TBCG,TBC Bank
TCAP,TP ICAP
TEM,Templeton Emerging Markets Investment Trust
TEP,Telecom Plus
TET,Treatt
TFIF,Twentyfour Income Fund
THG,THG
THRL,Target Healthcare REIT
TMPL,Temple Bar Investment Trust
TPK,Travis Perkins
TPT,Topps Tiles
TRI,Trifast
TRIG,The Renewables Infrastructure Group
TRN,Trainline
TRST,Trustpilot
TRY,TR Property Investment Trust
TSCO,Tesco
TTG,TT Electronics
TW,Taylor Wimpey
UEM,Utilico Emerging Markets
UKW,Greencoat UK Wind
ULTP,Ultimate Products
ULVR,Unilever
USA,Baillie Gifford US Growth Trust
UTG,Unite Group
UU,United Utilities
VANQ,Vanquis Banking Group
VCT,Victrex
VEIL,Vietnam Enterprise Investments
VID,Videndum
VOD,Vodafone Group
VOF,VinaCapital Vietnam Opportunity Fund
VSVS,Vesuvius
VTY,Vistry Group
WEIR,Weir Group
WIX,Wickes
WIZZ,Wizz Air
WKP,Workspace Group
WOSG,Watches of Switzerland
WPP,WPP
WTB,Whitbread
WWH,Worldwide Healthcare Trust
XAR,Xaar
XPP,XP Power
XPS,XPS Pensions
ZIG,Zigup
ZTF,Zotefoams
